{
    "info": {
      "n_img": 10,
      "n_txt": 10,
      "lambda_img": 2997.83837890625,
      "lambda_txt": 2538.08544921875
    }
}
